Feature,Mean_SHAP_Value
risk_score,3.3661479927499998
tool_wear_min,1.6085780422305
power_w,0.9092836860306
process_temperature_k,0.818905679645785
temp_diff_k,0.7947351854312499
rotational_speed_rpm,0.6881527505268901
air_temperature_k,0.67510533983075
type_encoded,0.66862350744
overstrain_value,0.646818483754775
torque_nm,0.47375979102795995
tool_wear_ratio,0.43968914700079
pwf_risk,0.2764232771035
hdf_risk,0.13240273972299996
osf_risk,0.07317392331849999
